category,rank,code,name,index_tag,score,annual_return,annual_return_1y,annual_return_3y,annual_volatility,sharpe,max_drawdown,calmar,avg_turnover,days,years,start_date,end_date
债券,1,sh.511380,博时可转债ETF,可转债,0.5259157413024587,0.05551572461619436,0.13188346327451783,0.0689685966600102,0.09983379476307541,0.35574851883052155,-0.1589621479596026,0.3492386415809045,10837283101.55,1507,5.98,2020-04-07,2026-06-26
债券,2,sh.511360,海富通中证短融ETF,海富通中证短融ETF,0.5096914798014216,0.022983798264153643,0.015247117704888735,0.019574887610622538,0.006934005237941643,0.430313817449521,-0.010589510547819567,2.1704306502519253,30998249491.65,1389,5.51,2020-09-25,2026-06-26
债券,3,sh.511100,华夏上证基准做市国债ETF,国债,0.4941928815608566,0.03699613870384311,-0.000914076782449813,,0.02541956537885226,0.6686242841108133,-0.02820746132848036,1.3115727882426995,10634027262.1,603,2.39,2023-12-25,2026-06-26
债券,4,sh.511090,鹏扬中债-30年期国债ETF,30年国债,0.49388173790157797,0.07416377856005263,-0.044546850998463894,,0.06377070712172377,0.8493520145019923,-0.08794541319181189,0.843293309661289,4094637068.983333,734,2.91,2023-06-13,2026-06-26
债券,5,sh.511260,国泰上证10年期国债ETF,10年国债,0.47823076222004324,0.04008760094247399,0.016655324068992394,0.04608381599396161,0.02684178583912196,0.7483705094314652,-0.04619648101508512,0.8677630863135155,4094434621.45,2141,8.5,2017-08-24,2026-06-26
债券,6,sz.159111,天弘中证AAA科技创新公司债ETF,公司债,0.4697245551546537,0.029889607065779478,0.029889607065779478,,0.010659443792606168,0.927778902745312,-0.0030030030030030056,9.953239152904558,4340564310.8366995,178,0.71,2025-09-24,2026-06-26
债券,7,sh.511270,海富通上证10年期地方政府债ETF,海富通上证10年期地方政府债ETF,0.4644200037859887,0.04596340447943703,0.023593545573484365,0.04712376302980603,0.024275313933202303,1.0695393909582303,-0.0480228964742239,0.9571143736427417,1790856000.1333334,1835,7.28,2018-11-22,2026-06-26
债券,8,sh.511520,富国中债7-10年政策性金融债ETF,富国中债7-10年政策性金融债ETF,0.45933086450202026,0.04689436305328876,0.019896193771626436,0.050848315462560745,0.023890041070957817,1.1257562502051608,-0.02588438308886974,1.811685559292054,1768553507.6,889,3.53,2022-10-25,2026-06-26
债券,9,sz.159816,鹏华中证0-4年地方政府债ETF,鹏华中证0-4年地方政府债ETF,0.45860375792856434,0.02997891399547048,0.021170003652999814,0.031123892263409614,0.02199926085208356,0.45360223975549485,-0.026797359391616732,1.1187264221581872,2657318025.9305005,1397,5.54,2020-09-04,2026-06-26
债券,10,sz.159972,鹏华中证5年期地方政府债ETF,鹏华中证5年期地方政府债ETF,0.458113539960889,0.03894908031888722,0.026362616223148505,0.04020135893393073,0.017367976571023746,1.0910355758137849,-0.035891865571713616,1.0851784853887059,1590545309.1866667,1601,6.35,2019-11-08,2026-06-26
债券,11,sh.511220,海富通上证城投债ETF,海富通上证城投债ETF,0.4576756698787271,0.03925570022343994,0.016634050880626194,0.024378680676820697,0.026613205004932677,0.7235393189159649,-0.04882056623595856,0.804081215152444,1649993761.8166666,2793,11.08,2014-12-16,2026-06-26
债券,12,sh.511060,海富通上证5年期地方政府债ETF,海富通上证5年期地方政府债ETF,0.44392797613019486,0.03491411162013236,0.021240728253540064,0.03491181078827954,0.01855337911910352,0.803848804273935,-0.03589091288788472,0.9727841620857158,1021211245.8666667,1576,6.25,2019-12-12,2026-06-26
债券,13,sz.159398,天弘深证基准做市信用债ETF,信用债,0.4435326337307973,0.01934051246778723,0.01883052527254714,,0.012741075991123093,-0.05176074082536247,-0.010869565217391424,1.7793271470364056,2277078960.7099333,337,1.34,2025-02-06,2026-06-26
债券,14,sz.159649,华安中债1-5年国开债ETF,华安中债1-5年国开债ETF,0.4135636544381281,0.02645761523255019,0.019444444444444375,0.028156655619589577,0.01071732323489732,0.6025399338076473,-0.009950248756218805,2.658990330871321,420304703.88920003,890,3.53,2022-10-24,2026-06-26
债券,15,sz.159651,平安中债-0-3年国开行债券ETF,平安中债-0-3年国开行债券ETF,0.39788487504762815,0.02367088762346925,0.016965127238454336,0.021935367661385596,0.008440172526631476,0.43493040123130317,-0.005660377358490571,4.1818568134795635,246869658.09324995,873,3.46,2022-11-16,2026-06-26
债券,16,sz.159650,博时中债0-3年国开行ETF,博时中债0-3年国开行ETF,0.3896491121906135,0.022066515169532286,0.014044943820224587,0.02285949590924452,0.008204256841182167,0.2518832856571708,-0.004985044865403683,4.42654294300827,193323209.24051672,886,3.52,2022-10-28,2026-06-26
其他,1,sh.512170,华宝中证医疗ETF,医疗,0.5863402171488016,-0.014927174316039182,-0.11904761904761907,-0.133516883630602,0.27774054153757716,-0.1257546850117079,-0.7177334732423925,-0.020797656612844065,575688636.3166667,1703,6.76,2019-06-17,2026-06-26
其他,2,sz.159930,汇添富中证能源ETF,汇添富中证能源ETF,0.5449837629578508,0.0363003594861544,0.17938630999213245,0.07459520789290974,0.2801437003946521,0.05818570777494296,-0.6488020176544765,0.055949825213839545,142846176.84098333,3098,12.29,2013-09-16,2026-06-26
其他,3,sz.159941,广发纳指100ETF,纳指100,0.5441907266175098,0.19776357722967974,0.3612521150592216,0.3122764955264994,0.23191723598983868,0.7664957564321281,-0.3109730848861284,0.6359507843005013,1787408411.9692667,2660,10.56,2015-07-13,2026-06-26
其他,4,sz.159687,南方基金南方东英富时亚太精选ETF(QDII),亚太精选,0.5283729939227614,0.2230259322322401,0.3937635968092821,0.24125908594408285,0.2626874123376357,0.7728803235203677,-0.3444126074498568,0.6475544954164042,545211604.6090833,838,3.33,2022-12-30,2026-06-26
其他,5,sz.159920,华夏恒生ETF(QDII),华夏恒生ETF(QDII),0.5142837626430425,0.02705778066624176,-0.09172546504169343,0.06146053144852659,0.19578842463489676,0.036047997625002604,-0.4521028037383178,0.059848734496906836,348660186.90673333,3321,13.18,2012-10-22,2026-06-26
其他,6,sh.511880,银华日利A,银华日利A,0.5003958062186058,0.02311566571505952,0.008424320516008388,0.010818046174440932,0.0033632921823744193,0.9263737867876584,-0.004077329302655373,5.669315377594194,16930047830.833334,3203,12.71,2013-04-18,2026-06-26
其他,7,sh.513520,华夏野村日经225ETF(QDII),日经225,0.5000253965251923,0.14869744104140525,0.7144799456152275,0.292141843102689,0.2347715623444918,0.5481815589426509,-0.2926470588235295,0.5081118588349525,455627465.7,1698,6.74,2019-06-25,2026-06-26
其他,8,sh.513500,博时标普500ETF(QDII),标普500,0.4978662425322316,0.14428696761417403,0.21666666666666679,0.2241500656103983,0.17865016993447447,0.6957002484786897,-0.2967220093656876,0.4862698521172091,373711733.9166667,3022,11.99,2014-01-15,2026-06-26
其他,9,sz.159903,南方深证成份ETF,南方深证成份ETF,0.49748491019917207,0.030984625472766814,0.5636658556366583,0.14244728056909817,0.24940234460653912,0.044043793935042284,-0.586225306994127,0.05285446585655032,37104627.443116665,3978,15.79,2010-02-02,2026-06-26
其他,10,sh.510410,博时上证自然资源ETF,博时上证自然资源ETF,0.49097392069963564,0.04687804764606529,0.5232371794871795,0.19750728835485076,0.27722203219638863,0.09695494774753126,-0.5738775510204082,0.08168649838752487,28776048.016666666,3430,13.61,2012-05-11,2026-06-26
其他,11,sz.159865,国泰中证畜牧养殖ETF,国泰中证畜牧养殖ETF,0.4900779304717591,-0.12691990346681326,-0.21568627450980393,-0.13082354458469148,0.23597019659499496,-0.6226205918664285,-0.5041666666666667,-0.25174195728954696,207013544.44631666,1285,5.1,2021-03-08,2026-06-26
其他,12,sh.512770,华夏战略新兴成指ETF,华夏战略新兴成指ETF,0.4832290984481655,0.16651302183190175,1.393207547169811,0.2986014796758685,0.25824324589954584,0.5673450289921385,-0.608540925266904,0.2736266616068093,6032248.666666667,1903,7.55,2018-08-16,2026-06-26
其他,13,sz.159561,嘉实德国DAXETF(QDII),德国DAX,0.48316858246936506,0.13492701960064402,-0.04122938530734643,,0.28262007252140714,0.40664846829638696,-0.35671819262782395,0.3782454116138055,124152902.77243334,516,2.05,2024-04-30,2026-06-26
其他,14,sh.513550,华泰柏瑞中证港股通50ETF,华泰柏瑞中证港股通50ETF,0.4829117333361319,-0.015345382930178175,-0.06918819188191894,0.08315403342594863,0.22802263262900402,-0.1550082223096056,-0.4825828377230247,-0.031798443149330474,86367051.2,1318,5.23,2021-01-13,2026-06-26
其他,15,sh.513600,南方恒指ETF,南方恒指ETF,0.48232620342668736,0.025163136416752607,-0.1020263064344118,0.06316387528310097,0.21487007656273538,0.02402910865648215,-0.43295415374008955,0.05811963275875742,108464440.2,2771,11.0,2015-01-26,2026-06-26
其他,16,sz.159761,国泰中证新材料主题ETF,国泰中证新材料主题ETF,0.48072187181939185,-0.008545341581097876,0.9918032786885247,0.14471424255333187,0.27554906650721317,-0.10359440495636967,-0.6114965312190287,-0.013974472699072541,17742863.966816664,1097,4.35,2021-12-13,2026-06-26
其他,17,sh.513660,华夏沪港通恒生ETF,华夏沪港通恒生ETF,0.4805808315440063,0.029440517180071346,-0.09225589225589226,0.07486359739491721,0.20371701613590476,0.04634132857008537,-0.42181695373184735,0.06979453272233087,109984032.46666667,2769,10.99,2015-01-26,2026-06-26
其他,18,sh.513690,博时恒生高股息ETF,博时恒生高股息ETF,0.4795682603198856,0.017492270229198192,0.02399232245681371,0.10491612581022158,0.19462710585045373,-0.0128847919710047,-0.37751004016064255,0.046335907309259045,188069879.16666666,1236,4.9,2021-05-20,2026-06-26
其他,19,sh.513900,华安CES港股通精选100ETF,华安CES港股通精选100ETF,0.47955018600644667,-0.013552220953100047,-0.11892963330029727,0.025631891203603985,0.24452151625517365,-0.1372158224231122,-0.5303584491587418,-0.02555294626605209,43163329.916666664,1950,7.74,2018-05-25,2026-06-26
其他,20,sz.159790,华夏中证内地低碳经济主题ETF,华夏中证内地低碳经济主题ETF,0.47847286772006453,-0.06475753145550633,0.39154411764705865,0.01217981689998937,0.2581757255740978,-0.32829396050706744,-0.5723104056437389,-0.11315106420731,36903474.05043333,1181,4.69,2021-08-06,2026-06-26
其他,21,sh.513030,华安德国(DAX)ETF(QDII),华安德国(DAX)ETF(QDII),0.478340665392191,0.049894345313235,-0.06106052490626679,0.1349783508735587,0.19911208398475078,0.15013827747151948,-0.41515650741350907,0.1201820143060859,91806506.91666667,2864,11.37,2014-09-05,2026-06-26
其他,22,sz.159786,银华中证虚拟现实主题ETF,银华中证虚拟现实主题ETF,0.4740239319323936,0.07947169500569817,0.6619883040935672,0.23685288660796755,0.30300371900193057,0.19627381208914882,-0.5150732127476314,0.1542920366247752,21252856.816200003,1181,4.69,2021-08-06,2026-06-26
其他,23,sz.159201,华夏国证自由现金流ETF,华夏国证自由现金流ETF,0.4725628031606055,0.04493302506664798,0.05988023952095811,,0.1806219471965562,0.13803984207697303,-0.24520255863539442,0.18324859788050352,481989649.57336676,322,1.28,2025-02-27,2026-06-26
其他,24,sh.513990,招商上证港股通ETF,招商上证港股通ETF,0.47138106578145905,0.0010644207608252465,-0.0871143375680582,0.06792145345530454,0.2304985810926208,-0.08215052409179867,-0.48342764753435735,0.0022018202025766384,45876210.733333334,1417,5.62,2020-08-18,2026-06-26
其他,25,sz.159703,天弘中证新材料主题ETF,天弘中证新材料主题ETF,0.4687580939442939,0.022412155782408405,0.9575971731448767,0.11282763979033139,0.2744347574109951,0.008789541839250143,-0.6416097190584662,0.034931135107019964,6098772.148166668,1223,4.85,2021-06-08,2026-06-26
其他,26,sz.159638,嘉实中证高端装备细分50ETF,嘉实中证高端装备细分50ETF,0.4654476264869774,-0.01735139993775392,0.1785714285714286,0.031462143548497634,0.29778839143531305,-0.1254293350984018,-0.436676798378926,-0.039735108442141814,66521047.64136668,935,3.71,2022-08-12,2026-06-26
其他,27,sh.513530,华泰柏瑞中证港股通高股息投资ETF(QDII),华泰柏瑞中证港股通高股息投资ETF(QDII),0.46450485750117115,0.13841939580407647,-0.02195121951219503,0.11439796237210542,0.19362024305943057,0.611606482529455,-0.24671669793621012,0.5610459160727966,163119605.18333334,1010,4.01,2022-04-25,2026-06-26
其他,28,sz.159763,建信中证新材料主题ETF,建信中证新材料主题ETF,0.461890540708935,-0.027601539653750784,0.9385964912280702,0.1148348303950455,0.25834335930955493,-0.18425687341439717,-0.635576923076923,-0.04342753591512983,6852102.307416667,1155,4.58,2021-09-13,2026-06-26
其他,29,sz.159309,汇添富中证油气资源ETF,汇添富中证油气资源ETF,0.4604842839700951,0.15460818958530176,0.35410176531671866,,0.25313415760391084,0.5317662019992127,-0.2955159373311723,0.5231805464760394,76988149.63158332,490,1.94,2024-06-18,2026-06-26
其他,30,sz.159350,富国深证50ETF,富国深证50ETF,0.45994361474890955,0.25376606703646476,0.5188762071992976,,0.24430615903351974,0.9568570352923078,-0.2503649635036498,1.01358458262378,60535859.224916674,613,2.43,2023-12-11,2026-06-26
大宗商品,1,sh.517520,永赢中证沪深港黄金产业股票ETF,黄金产业股,0.5584515631358132,0.20576079584472096,0.06012024048096176,,0.37839367975993865,0.4909193936922301,-0.4932950191570882,0.41711508905221095,495625708.8666667,641,2.54,2023-11-01,2026-06-26
大宗商品,2,sz.159981,建信能源化工期货ETF,建信能源化工期货ETF,0.5552906822647825,0.058226713158894716,0.08675445391169645,-0.011150755197449347,0.25341155314068736,0.15084834406769235,-0.48355984217448494,0.12041263165497627,1189972512.7635837,1557,6.18,2020-01-17,2026-06-26
大宗商品,3,sh.518880,华安黄金ETF,黄金,0.5480084618181478,0.09780353171281497,0.1191143123916234,0.2433476301842148,0.1513707240738092,0.5139932585304774,-0.30384744623655907,0.32188367196830237,4272856107.6,3137,12.45,2013-07-29,2026-06-26
大宗商品,4,sz.159518,嘉实标普石油天然气勘探及生产精选行业ETF(QDII),石油天然气,0.5363203087912534,0.022649349437762423,0.14571746384872086,,0.3711289894207977,0.007138621647145183,-0.38940285954583687,0.05816431205507455,1894973143.4120333,629,2.5,2023-11-15,2026-06-26
大宗商品,5,sh.510170,国联安上证商品ETF,国联安上证商品ETF,0.5021348213881668,0.04777117805006781,0.5300668151447663,0.18200995839564027,0.28391944857417234,0.0978135812447267,-0.6355685131195336,0.07516290858336357,23563590.133333333,3702,14.69,2011-01-25,2026-06-26
大宗商品,6,sz.159985,华夏饲料豆粕期货ETF,豆粕,0.4800969399449848,0.1194735437749801,0.013636363636363669,0.03926576055743336,0.1950613862795619,0.5099602011051775,-0.26602023608768965,0.44911449419057503,301783088.82141674,1587,6.3,2019-12-05,2026-06-26
股票-增长,1,sz.159388,国泰创业板人工智能ETF,创业板AI,0.7149568420903023,2.132941435910543,2.044334975369458,,0.4270955310348458,4.947233774118214,-0.14713750668806844,14.496245613515658,151755979.10248333,296,1.17,2025-04-07,2026-06-26
股票-增长,2,sz.159915,易方达创业板ETF,创业板,0.6525882706576617,0.1263337295411966,1.066176470588235,0.24484528647360326,0.33145096143558755,0.3208128559369436,-0.695778364116095,0.18157179937851162,5203981507.856983,3528,14.0,2011-12-09,2026-06-26
股票-增长,3,sh.513310,华泰柏瑞中证韩交所中韩半导体ETF(QDII),中韩半导体,0.6369275536855387,0.7512368236587286,3.0743073047858935,0.8292641836196764,0.36307260020125803,2.014023705598798,-0.226789510985117,3.3124848693202056,8815431897.733334,847,3.36,2022-12-22,2026-06-26
股票-增长,4,sh.512480,国联安半导体ETF,半导体,0.631997649489063,0.2836992368856719,1.7552657973921764,0.45871952568461594,0.37284433674627093,0.7072636242430718,-0.6249188838416613,0.453977698900125,1741280954.6166666,1706,6.77,2019-06-12,2026-06-26
股票-增长,5,sz.159558,易方达中证半导体材料设备主题ETF,半导体材料设备,0.6296315731893709,1.0792908996613124,2.615518744551003,,0.40643805832050467,2.6062788116805438,-0.2505091649694501,4.308388875883776,718896678.1933999,490,1.94,2024-06-18,2026-06-26
股票-增长,6,sz.159583,富国中证通信设备主题ETF,通信设备,0.6286096652807017,1.120380422081534,2.5580786026200872,,0.4123157126071587,2.668781199541482,-0.27334337349397597,4.0988022053010384,422305906.8132166,475,1.88,2024-07-08,2026-06-26
股票-增长,7,sh.513050,易方达中证海外中国互联网50(QDII-ETF),易方达中证海外中国互联网50(QDII-ETF),0.6089464930945427,-0.004126499716521681,-0.3273766976411723,-0.022988927254358638,0.289613853652527,-0.08330575147647522,-0.6824902723735409,-0.006046239607446249,2114199924.5833333,2288,9.08,2017-01-18,2026-06-26
股票-增长,8,sz.159140,易方达中证科创创业人工智能ETF,人工智能,0.605003445371836,1.4270516193608147,1.4270516193608147,,0.41065187009005744,3.426385514942969,-0.15963606286186935,8.939406258068521,78363713.46983333,123,0.49,2025-12-18,2026-06-26
股票-增长,9,sh.512760,国泰CES芯片ETF,芯片,0.604464248620969,0.29185828203540587,1.6533575317604354,0.4247611713424597,0.3689807501315778,0.7367817479325459,-0.6222980659840728,0.4690007859398935,509435201.8666667,1706,6.77,2019-06-12,2026-06-26
股票-增长,10,sz.159967,华夏创成长ETF,华夏创成长ETF,0.6018709114149834,0.21286129865644865,1.4108626198083067,0.24909024713131434,0.3236005382339663,0.5959857165534381,-0.60752688172043,0.3503734650451279,850786219.9299334,1684,6.68,2019-07-15,2026-06-26
股票-增长,11,sh.513330,华夏恒生互联网科技业ETF(QDII),华夏恒生互联网科技业ETF(QDII),0.5932180954762345,-0.19118793989881133,-0.3245967741935484,-0.0635996917629611,0.34244698920181915,-0.6167025745825697,-0.7268475210477081,-0.26303720431380867,2172957838.733333,1300,5.16,2021-02-08,2026-06-26
股票-增长,12,sh.513130,华泰柏瑞南方东英恒生科技指数ETF(QDII),华泰柏瑞南方东英恒生科技指数ETF(QDII),0.5912780159756231,-0.12418811865623602,-0.25210084033613434,0.016777315005254145,0.34062419072439865,-0.42330557424472415,-0.6233009708737864,-0.1992426202740235,4070750099.1,1228,4.87,2021-06-01,2026-06-26
股票-增长,13,sh.513180,华夏恒生科技ETF(QDII),华夏恒生科技ETF(QDII),0.5897181395276652,-0.11820220895538891,-0.25241379310344825,0.020492232635995533,0.3367465008082618,-0.41040429113197846,-0.6195546950629235,-0.19078575289205743,3822397304.25,1233,4.89,2021-05-25,2026-06-26
股票-增长,14,sh.515050,华夏中证5G通信主题ETF,5G通信,0.5888233166880606,0.24735832183563944,2.743801652892562,0.6658045427844721,0.34095054625698923,0.66683665514432,-0.519489247311828,0.4761567695878803,1035893135.95,1623,6.44,2019-10-16,2026-06-26
股票-增长,15,sz.159755,广发国证新能源车电池ETF,新能源车,0.5888132721343105,0.007597549909152512,0.5724852071005915,0.08336714911321375,0.34217156523298736,-0.03624629089913582,-0.6758053461274847,0.011242216346301738,869935099.9005166,1212,4.81,2021-06-24,2026-06-26
股票-增长,16,sh.513090,易方达中证香港证券投资主题ETF,易方达中证香港证券投资主题ETF,0.5817916586159767,0.09543625881585882,0.027712264150943522,0.1473533625399135,0.2885429433303825,0.26143858499940537,-0.41836734693877553,0.22811593570619912,6109833526.5,1514,6.01,2020-03-26,2026-06-26
股票-增长,17,sh.513120,广发中证香港创新药(QDII-ETF),创新药,0.5796654139389195,0.018219423777855237,-0.17618270799347469,0.03995611364472418,0.3540692861596758,-0.0050288920608091685,-0.4811151079136691,0.03786915745976639,4690789677.1,958,3.8,2022-07-12,2026-06-26
股票-增长,18,sh.515030,华夏中证新能源汽车ETF,新能源,0.5781380702636151,0.10306947835747948,0.4557377049180329,0.0473162063995296,0.337613430845183,0.2460490927435054,-0.6703869047619048,0.1537462585043867,311666161.1666667,1530,6.07,2020-03-04,2026-06-26
股票-增长,19,sz.159206,永赢国证商用卫星ETF,永赢国证商用卫星ETF,0.5760048900382709,0.5215857171040179,0.7326424870466322,,0.38822452347328,1.2919990540951494,-0.2889595638346207,1.8050474266445649,1411471416.2084665,311,1.23,2025-03-14,2026-06-26
股票-增长,20,sz.159259,易方达国证成长100ETF,易方达国证成长100ETF,0.5756910176211264,0.932564029286618,0.932564029286618,,0.35966777399525257,2.537241574772455,-0.16807511737089198,5.548495481509767,361013849.12345004,197,0.78,2025-08-28,2026-06-26
股票-增长,21,sh.512400,南方中证申万有色金属ETF,有色金属,0.5702975681869029,0.07175232356054839,0.6539485359361137,0.2089207060786873,0.32242542872801866,0.16050943551416957,-0.5335276967930029,0.13448659552605519,1227698450.8833334,2136,8.48,2017-09-01,2026-06-26
股票-增长,22,sh.515790,华泰柏瑞中证光伏产业ETF,华泰柏瑞中证光伏产业ETF,0.5701302951530209,-0.005183888871360565,0.5359877488514546,-0.059848403998010835,0.34808336471883694,-0.07235016500056748,-0.6706996317727512,-0.0077290766623187715,442003339.1166667,1335,5.3,2020-12-18,2026-06-26
股票-增长,23,sz.159740,大成恒生科技ETF(QDII),大成恒生科技ETF(QDII),0.5690566104075467,-0.11961999389367606,-0.25314685314685303,0.016777315005254145,0.3372916626340972,-0.4139443969747318,-0.6223091976516634,-0.19221954993606435,1517689920.5183668,1231,4.88,2021-05-27,2026-06-26
股票-增长,24,sz.159792,富国中证港股通互联网ETF,富国中证港股通互联网ETF,0.5676976143561787,-0.13553679091713722,-0.41666666666666663,-0.05732131270515772,0.3636532794361068,-0.42770627878928485,-0.5966228893058162,-0.2271733004994784,2069303786.5577,1146,4.55,2021-09-28,2026-06-26
股票-增长,25,sz.159939,广发中证全指信息技术ETF,信息技术,0.5672752179890259,0.09636513262039759,1.264274061990212,0.3469362570056287,0.3581329006358604,0.21323126829401115,-0.7914092380111797,0.12176397240770685,53507211.55561666,2764,10.97,2015-02-05,2026-06-26
股票-增长,26,sh.516150,嘉实中证稀土产业ETF,嘉实中证稀土产业ETF,0.565384662414525,0.14996443681755767,0.7093220338983051,0.22883088447354472,0.33093482859555906,0.3927191265093145,-0.583912037037037,0.25682710289468746,341193908.48333335,1278,5.07,2021-03-17,2026-06-26
股票-增长,27,sz.159781,易方达中证科创创业50ETF,易方达中证科创创业50ETF,0.5651119585424553,0.0787465680689452,1.5992509363295877,0.34144809730427994,0.30431861036582736,0.19304296900647908,-0.596579476861167,0.13199677683057595,462776475.9051666,1205,4.78,2021-07-05,2026-06-26
股票-增长,28,sz.159870,鹏华中证细分化工产业ETF,鹏华中证细分化工产业ETF,0.5649959687440436,-0.02766893677612392,0.5097001763668432,0.07658886334176596,0.2510194539600033,-0.1899013643130598,-0.596694214876033,-0.0463703788076315,952960314.3068166,1288,5.11,2021-03-03,2026-06-26
股票-增长,29,sh.513010,易方达恒生科技ETF(QDII),易方达恒生科技ETF(QDII),0.5641566496870096,-0.11145074444414949,-0.24729729729729721,0.02383336674449299,0.3380928986847582,-0.38880066678571584,-0.6173320350535539,-0.18053614281410338,1227138666.1666667,1233,4.89,2021-05-25,2026-06-26
股票-增长,30,sz.159326,华夏中证电网设备主题ETF,华夏中证电网设备主题ETF,0.562445116523951,0.5517049156808,0.9641847313854857,,0.29485033906274777,1.8033044064692314,-0.19114027891714527,2.886387520235601,1504767367.481683,431,1.71,2024-09-09,2026-06-26
股票-稳健,1,sh.510050,华夏上证50ETF,上证50,0.6348222532908891,0.08326206175534745,0.09203336209375901,0.05278821842188819,0.23343495819833177,0.2710050895701685,-0.7030042918454936,0.11843748711230741,2805094781.8166666,4999,19.84,2005-11-24,2026-06-26
股票-稳健,2,sh.510500,南方中证500ETF,中证500,0.6282433040255723,0.09004620516279216,0.5163466528282306,0.14179105760589694,0.2618089677665483,0.26754700482701366,-0.6326219512195121,0.14233809779949796,4443120133.233334,3223,12.79,2013-03-15,2026-06-26
股票-稳健,3,sh.510880,华泰柏瑞上证红利ETF,华泰柏瑞上证红利ETF,0.6036910522874923,0.04469090788935781,-0.009403017712661277,0.018865153831211012,0.2378834906406388,0.10379412132747536,-0.75,0.05958787718581041,566702833.35,4721,18.73,2007-01-18,2026-06-26
股票-稳健,4,sz.159901,易方达深证100ETF,深证100,0.5953796578065301,0.10987655267663166,0.5187477247906807,0.12732977148391833,0.2839283972152103,0.31654654327692194,-0.7126055988073546,0.15418985320986175,386095022.8398834,4898,19.44,2006-04-24,2026-06-26
股票-稳健,5,sh.510300,华泰柏瑞沪深300ETF,沪深300,0.5784613572042381,0.060607284049785104,0.23786096256684486,0.08489538154971576,0.2084867953781079,0.19477149128864713,-0.44374769457764657,0.13658050462092056,4905246449.283334,3420,13.57,2012-05-28,2026-06-26
股票-稳健,6,sh.512100,南方中证1000ETF,中证1000,0.576224084359537,0.028840373286292076,0.40909090909090917,0.10922811748261751,0.24183120033367725,0.03655596661677311,-0.5097276264591439,0.056579968966237126,2730114554.633333,2339,9.28,2016-11-04,2026-06-26
股票-稳健,7,sh.510180,华安上证180ETF,上证180,0.5682967722216433,0.07728765327665887,0.16019682886823383,0.0741886017259119,0.2399974515289449,0.23870108999782313,-0.7124256792353428,0.10848521541168038,145081232.66666666,4884,19.38,2006-05-18,2026-06-26
股票-稳健,8,sz.159352,南方中证A500ETF,中证A500,0.5352867234379036,0.23181179387973727,0.371,,0.18561058548952103,1.1411622527945502,-0.15902712815715617,1.4576871038672896,4490447134.511283,412,1.63,2024-10-15,2026-06-26
股票-稳健,9,sh.510210,上证综指ETF,上证综指ETF,0.5340036455579555,0.049147030994634244,0.1622678396871946,0.07391573868641821,0.22858824620456805,0.12750887886225787,-0.47122302158273377,0.10429675279777344,570106093.3166667,3654,14.5,2011-03-25,2026-06-26
股票-稳健,10,sh.510900,易方达恒生国企(QDII-ETF),易方达恒生国企(QDII-ETF),0.5164255758105445,-0.0024481857249832872,-0.17512690355329952,0.05051648846790213,0.2273189728745877,-0.09875192308460762,-0.5575279421433267,-0.004391144443041958,148303241.6,3320,13.17,2012-10-22,2026-06-26
股票-稳健,11,sz.159531,南方中证2000ETF,中证2000,0.494394868229317,0.17768555100473682,0.3503521126760565,,0.31077641143624923,0.5073922768977062,-0.36542056074766355,0.48624946182881945,141398150.38516667,667,2.65,2023-09-18,2026-06-26
股票-稳健,12,sz.159907,广发国证2000ETF,广发国证2000ETF,0.48222821468928123,0.056448507836177386,0.3980582524271845,0.13784186449308766,0.26960312300365047,0.13519319594708057,-0.6267828843106181,0.09006070403192902,10226466.276066665,3602,14.29,2011-08-10,2026-06-26
股票-稳健,13,sh.513850,易方达MSCI美国50ETF(QDII),易方达MSCI美国50ETF(QDII),0.48197501335522835,0.2376318941705744,0.2282217422606192,,0.2735155248988927,0.7956838802880526,-0.2871994801819363,0.827410599838267,124513904.01666667,629,2.5,2023-11-17,2026-06-26
股票-稳健,14,sz.159905,工银深证红利ETF,工银深证红利ETF,0.4811408283618552,0.04509094437621619,-0.009249743062692661,0.00017295053959509588,0.24807825746852527,0.1011412472509792,-0.49937106918238994,0.09029546795741025,42979017.0601,3751,14.88,2011-01-11,2026-06-26
股票-稳健,15,sh.512090,易方达MSCI中国A股国际通ETF,易方达MSCI中国A股国际通ETF,0.47976813546909514,0.09993100363078389,0.3231746031746032,0.11808123083458022,0.19062148339337695,0.41931791846270483,-0.3553459119496855,0.28122176242999364,128036060.45,1956,7.76,2018-06-01,2026-06-26
股票-稳健,16,sh.512890,华泰柏瑞中证红利低波动ETF,华泰柏瑞中证红利低波动ETF,0.47553795513707603,0.11358564394632698,-0.08078231292517002,0.03928135408747613,0.1700291197638303,0.5504095067734104,-0.16525662718556117,0.6873288283851118,758858892.1333333,1799,7.14,2019-01-18,2026-06-26
股票-稳健,17,sz.159996,国泰中证全指家用电器ETF,国泰中证全指家用电器ETF,0.47428654150856087,0.07557540638457527,0.06641509433962267,0.09917500642727028,0.22215883982737875,0.25016067975399187,-0.39612558450233804,0.19078648121030214,79294337.68296665,1522,6.04,2020-03-16,2026-06-26
股票-稳健,18,sz.159628,万家国证2000ETF,万家国证2000ETF,0.4683558352105525,0.1128547198377925,0.40130353817504627,0.15177263652852768,0.2567626323712519,0.3616364226377547,-0.3626991565135894,0.311152418777583,69478668.40355,954,3.79,2022-07-18,2026-06-26
股票-稳健,19,sh.513630,摩根标普港股通低波红利ETF,摩根标普港股通低波红利ETF,0.46786900169854817,0.18500759525628885,0.029166666666666785,,0.1741050904430582,0.9477471039840463,-0.15022935779816515,1.2315009394159073,364184144.65,614,2.44,2023-12-08,2026-06-26
股票-稳健,20,sz.159232,南方中证全指自由现金流ETF,南方中证全指自由现金流ETF,0.46742445355437034,0.13964000683549838,0.10541586073500975,,0.152797288718853,0.7829982314387526,-0.2176591375770021,0.6415536163102613,231353394.69756663,279,1.11,2025-04-30,2026-06-26
股票-稳健,21,sz.159944,广发中证全指原材料ETF,广发中证全指原材料ETF,0.46285482606996003,0.06583639237893157,0.5993723849372385,0.16141087758727424,0.2799070563441784,0.16375575870645567,-0.5170199100834939,0.1273382148248403,13896876.355583332,2640,10.48,2015-07-06,2026-06-26
股票-稳健,22,sz.159601,华夏MSCI中国A50互联互通ETF,华夏MSCI中国A50互联互通ETF,0.46244131771913144,0.03149223806598744,0.37681159420289845,0.13339431455404238,0.18577977217996144,0.06185946904302974,-0.38223938223938225,0.08238878443526007,75762608.87413335,1122,4.45,2021-11-08,2026-06-26
股票-稳健,23,sz.159577,汇添富MSCI美国50ETF,汇添富MSCI美国50ETF,0.4613500424646737,0.1926238377757281,0.21777421937550012,,0.22299949288863904,0.7740996875806018,-0.24330357142857154,0.7917016451699648,103656978.40306666,566,2.25,2024-02-23,2026-06-26
股票-稳健,24,sh.513910,华夏中证港股通央企红利ETF,华夏中证港股通央企红利ETF,0.46052220876948896,0.18699438125086565,-0.029192124915139228,,0.20643137337445952,0.8089583405907178,-0.17341040462427748,1.078334265213325,218428367.61666667,560,2.22,2024-03-04,2026-06-26
股票-稳健,25,sh.515080,招商中证红利ETF,招商中证红利ETF,0.4570893704010203,0.09652724197333407,-0.012286324786324854,0.024201357078410313,0.15365177419196455,0.49805635096490913,-0.17227378190255216,0.5603130140135621,350943300.51666665,1571,6.23,2019-12-27,2026-06-26
股票-稳健,26,sh.513920,华安恒生港股通中国央企红利ETF,华安恒生港股通中国央企红利ETF,0.45681621258381894,0.19741314644542518,-0.0006570302233903647,,0.21344102377927243,0.8312045327748003,-0.16885245901639354,1.1691458187544592,183466856.78333333,595,2.36,2024-01-05,2026-06-26
股票-稳健,27,sh.515180,易方达中证红利ETF,易方达中证红利ETF,0.45501104440524226,0.08093741067198867,-0.009738283627510613,0.027689627876964718,0.15195051563266446,0.4010345764097499,-0.17314022383146802,0.46746740232224654,361172045.98333335,1576,6.25,2019-12-20,2026-06-26
股票-稳健,28,sh.512040,富国中证价值ETF,富国中证价值ETF,0.4490927987930115,0.1366165033446538,0.15809167446211414,0.09439196080225187,0.1764444432197646,0.6609247716540777,-0.19354838709677413,0.7058519339473782,147165319.01666668,1834,7.28,2018-11-29,2026-06-26
股票-稳健,29,sz.159235,大成中证全指自由现金流ETF,大成中证全指自由现金流ETF,0.4480685306758812,0.1313997703731895,0.0976789168278529,,0.15294157490854351,0.7283812164207456,-0.2210020590253947,0.5945635572476307,102711695.6076,279,1.11,2025-04-30,2026-06-26
股票-稳健,30,sz.159595,大成中证A50ETF,大成中证A50ETF,0.4436208189761938,0.14436582051896507,0.1876090750436301,,0.19240771469517184,0.6463660810898131,-0.17059748427672963,0.8462365147471128,144974240.7668,550,2.18,2024-03-18,2026-06-26
